Customer_ID,Transaction_Date,Transaction_Type,Amount,Channel
1076,2024-01-01 00:00:00,Credit,1396.3321431808547,Online
1011,2024-01-01 01:00:00,Debit,4085.244055499083,POS
1038,2024-01-01 02:00:00,Debit,1429.9658857968586,POS
1193,2024-01-01 03:00:00,Debit,4092.8512770537554,Mobile
1012,2024-01-01 04:00:00,Debit,2662.68132837611,Mobile
1045,2024-01-01 05:00:00,Credit,4400.514760032188,Online
1154,2024-01-01 06:00:00,Debit,2878.1499757794318,Online
1112,2024-01-01 07:00:00,Debit,158.04443309305168,POS
1016,2024-01-01 08:00:00,Credit,3380.346835659975,Mobile
1103,2024-01-01 09:00:00,Debit,233.8193044376076,Online
1097,2024-01-01 10:00:00,Debit,2258.4791247258386,Mobile
1187,2024-01-01 11:00:00,Credit,4647.839205420839,Mobile
1191,2024-01-01 12:00:00,Credit,834.3676572958723,Online
1087,2024-01-01 13:00:00,Credit,1955.463041178305,POS
1108,2024-01-01 14:00:00,Credit,3652.002941153907,Online
1162,2024-01-01 15:00:00,Credit,4412.47019491329,Online
1069,2024-01-01 16:00:00,Credit,3358.0055936651142,Mobile
1157,2024-01-01 17:00:00,Credit,1298.2845384139343,Online
1198,2024-01-01 18:00:00,Debit,3376.293186051919,POS
1073,2024-01-01 19:00:00,Credit,1490.6709291094091,Online
1062,2024-01-01 20:00:00,Credit,3594.961856795489,POS
1155,2024-01-01 21:00:00,Credit,4770.625306649353,POS
1059,2024-01-01 22:00:00,Debit,3609.7533210203783,Mobile
1078,2024-01-01 23:00:00,Debit,4315.773709532938,ATM
1036,2024-01-02 00:00:00,Credit,20.49817744765823,ATM
1021,2024-01-02 01:00:00,Credit,3590.684902410656,Mobile
1195,2024-01-02 02:00:00,Credit,4149.641908757599,Online
1147,2024-01-02 03:00:00,Debit,212.3881003479603,Mobile
1095,2024-01-02 04:00:00,Debit,4359.27265916827,POS
1067,2024-01-02 05:00:00,Credit,1290.904199267129,ATM
1191,2024-01-02 06:00:00,Debit,3329.8075888704957,Mobile
1016,2024-01-02 07:00:00,Credit,4003.770846326799,Online
1011,2024-01-02 08:00:00,Debit,3316.695920166184,Mobile
1149,2024-01-02 09:00:00,Debit,470.50111244555364,ATM
1144,2024-01-02 10:00:00,Credit,2985.644379113238,Mobile
1137,2024-01-02 11:00:00,Credit,2752.4224470434965,Mobile
1117,2024-01-02 12:00:00,Credit,4502.603127690615,ATM
1192,2024-01-02 13:00:00,Credit,2027.156250924604,POS
1021,2024-01-02 14:00:00,Debit,1612.1946744643801,POS
1119,2024-01-02 15:00:00,Debit,3751.7553145379666,ATM
1049,2024-01-02 16:00:00,Debit,2069.249877156149,Mobile
1013,2024-01-02 17:00:00,Credit,3234.0199132752646,ATM
1191,2024-01-02 18:00:00,Debit,3235.7859497217887,POS
1174,2024-01-02 19:00:00,Credit,4441.314931156988,Online
1028,2024-01-02 20:00:00,Debit,2997.4750875722957,Mobile
1163,2024-01-02 21:00:00,Credit,2515.7465137103145,POS
1179,2024-01-02 22:00:00,Credit,702.9679187186199,Mobile
1124,2024-01-02 23:00:00,Debit,587.5306573267397,ATM
1006,2024-01-03 00:00:00,Credit,780.0646107625662,Online
1028,2024-01-03 01:00:00,Credit,867.5239218222016,ATM
1138,2024-01-03 02:00:00,Debit,3193.0066923915333,Online
1032,2024-01-03 03:00:00,Credit,3707.496438870147,Mobile
1133,2024-01-03 04:00:00,Credit,2654.657699402829,Mobile
1110,2024-01-03 05:00:00,Credit,4146.798485402001,ATM
1078,2024-01-03 06:00:00,Debit,4956.40350140083,Online
1159,2024-01-03 07:00:00,Debit,4101.863019305587,Online
1178,2024-01-03 08:00:00,Credit,3477.4630446430365,Mobile
1057,2024-01-03 09:00:00,Debit,2667.1385701913614,ATM
1025,2024-01-03 10:00:00,Credit,2249.776827656794,Online
1173,2024-01-03 11:00:00,Credit,431.1179789172663,Mobile
1028,2024-01-03 12:00:00,Credit,2002.8500544895078,POS
1003,2024-01-03 13:00:00,Credit,4551.57183754285,ATM
1098,2024-01-03 14:00:00,Credit,4042.032923233699,POS
1140,2024-01-03 15:00:00,Debit,1088.096311408319,ATM
1038,2024-01-03 16:00:00,Credit,2338.3728456391073,Mobile
1014,2024-01-03 17:00:00,Debit,4085.4487807671376,Online
1118,2024-01-03 18:00:00,Debit,346.2489283797574,Online
1028,2024-01-03 19:00:00,Credit,1943.0890024866098,Online
1156,2024-01-03 20:00:00,Credit,4260.687772000999,ATM
1074,2024-01-03 21:00:00,Debit,2025.4503422089174,Mobile
1115,2024-01-03 22:00:00,Debit,397.2970772098899,POS
1031,2024-01-03 23:00:00,Debit,2717.2464989759346,Mobile
1129,2024-01-04 00:00:00,Credit,4310.095049642294,POS
1174,2024-01-04 01:00:00,Debit,2955.524859336267,ATM
1083,2024-01-04 02:00:00,Credit,1139.1327499890167,ATM
1021,2024-01-04 03:00:00,Credit,1927.355704485533,POS
1026,2024-01-04 04:00:00,Credit,2256.1155722978415,POS
1194,2024-01-04 05:00:00,Debit,2900.539105564429,POS
1080,2024-01-04 06:00:00,Credit,3799.161618505539,Mobile
1125,2024-01-04 07:00:00,Credit,503.3793520267707,POS
1183,2024-01-04 08:00:00,Credit,4449.363644757656,ATM
1091,2024-01-04 09:00:00,Credit,71.42541805021719,ATM
1020,2024-01-04 10:00:00,Credit,1856.5611500245336,Online
1046,2024-01-04 11:00:00,Debit,146.82734676356168,POS
1100,2024-01-04 12:00:00,Credit,1970.9413844730034,Mobile
1186,2024-01-04 13:00:00,Credit,2633.8048683778857,Mobile
1083,2024-01-04 14:00:00,Debit,2563.2901190417438,Mobile
1005,2024-01-04 15:00:00,Credit,836.4854516710441,Online
1146,2024-01-04 16:00:00,Debit,3232.2451453771055,ATM
1184,2024-01-04 17:00:00,Credit,233.44446801829443,Mobile
1196,2024-01-04 18:00:00,Debit,3811.9150324607526,ATM
1130,2024-01-04 19:00:00,Debit,4733.755725627796,Online
1000,2024-01-04 20:00:00,Credit,1705.4464474840784,POS
1057,2024-01-04 21:00:00,Credit,2591.0245147545165,POS
1123,2024-01-04 22:00:00,Credit,1900.762287513484,POS
1165,2024-01-04 23:00:00,Debit,43.48484761725917,Mobile
1014,2024-01-05 00:00:00,Debit,1935.5137694466284,POS
1161,2024-01-05 01:00:00,Debit,3960.6840937141187,Mobile
1188,2024-01-05 02:00:00,Credit,2983.9843224955744,Online
1162,2024-01-05 03:00:00,Debit,515.2869739296431,Online
1063,2024-01-05 04:00:00,Debit,4237.226053571987,Mobile
1024,2024-01-05 05:00:00,Credit,2660.1158709773617,ATM
1023,2024-01-05 06:00:00,Debit,4210.199575105934,POS
1011,2024-01-05 07:00:00,Debit,2905.3053787372965,POS
1017,2024-01-05 08:00:00,Credit,2802.84533974132,POS
1014,2024-01-05 09:00:00,Debit,535.2433341330918,Mobile
1026,2024-01-05 10:00:00,Credit,845.1250683617535,Online
1071,2024-01-05 11:00:00,Credit,4860.40602991799,POS
1059,2024-01-05 12:00:00,Credit,1150.1488663063062,Online
1173,2024-01-05 13:00:00,Credit,4887.486068771936,POS
1144,2024-01-05 14:00:00,Credit,2664.244405556074,POS
1092,2024-01-05 15:00:00,Debit,687.5873448490463,Mobile
1052,2024-01-05 16:00:00,Debit,505.5179917409278,ATM
1007,2024-01-05 17:00:00,Credit,1052.2317128216425,Mobile
1078,2024-01-05 18:00:00,Credit,4628.930276826425,POS
1026,2024-01-05 19:00:00,Debit,2076.6096193978515,POS
1173,2024-01-05 20:00:00,Credit,1983.2169972846427,ATM
1049,2024-01-05 21:00:00,Credit,1572.8992427401683,Online
1198,2024-01-05 22:00:00,Credit,743.838634327276,Online
1130,2024-01-05 23:00:00,Debit,2444.3774739901082,POS
1092,2024-01-06 00:00:00,Debit,658.938434730582,Online
1191,2024-01-06 01:00:00,Credit,4179.0463795478145,POS
1171,2024-01-06 02:00:00,Credit,1858.2809615137794,ATM
1180,2024-01-06 03:00:00,Debit,1880.269803231164,ATM
1023,2024-01-06 04:00:00,Debit,2375.292078130948,POS
1059,2024-01-06 05:00:00,Credit,2226.1972886971007,ATM
1121,2024-01-06 06:00:00,Credit,4974.341285566014,Mobile
1130,2024-01-06 07:00:00,Debit,2731.4517948793296,Mobile
1147,2024-01-06 08:00:00,Debit,450.12650191145474,ATM
1045,2024-01-06 09:00:00,Debit,3038.3179344688806,POS
1014,2024-01-06 10:00:00,Credit,766.405621420701,POS
1152,2024-01-06 11:00:00,Debit,164.37884720939644,ATM
1198,2024-01-06 12:00:00,Credit,4854.0033468494685,Online
1016,2024-01-06 13:00:00,Debit,3869.9590687574737,Mobile
1125,2024-01-06 14:00:00,Debit,4900.743872144697,Online
1083,2024-01-06 15:00:00,Debit,2394.61345563099,POS
1008,2024-01-06 16:00:00,Debit,2665.965080433391,POS
1165,2024-01-06 17:00:00,Credit,850.0014100364598,Online
1175,2024-01-06 18:00:00,Credit,1242.068059071252,ATM
1187,2024-01-06 19:00:00,Debit,4194.360582365112,Online
1062,2024-01-06 20:00:00,Credit,1787.3663791167949,Online
1116,2024-01-06 21:00:00,Debit,4135.80671924413,Mobile
1129,2024-01-06 22:00:00,Debit,3547.9784841922888,Mobile
1087,2024-01-06 23:00:00,Debit,894.0829171066089,Online
1071,2024-01-07 00:00:00,Debit,2542.1573669375134,Online
1138,2024-01-07 01:00:00,Credit,3390.162734378397,POS
1063,2024-01-07 02:00:00,Debit,1182.8357018710874,Mobile
1071,2024-01-07 03:00:00,Debit,4155.135667495184,Mobile
1020,2024-01-07 04:00:00,Credit,2728.690011150482,POS
1017,2024-01-07 05:00:00,Debit,834.55783170859,ATM
1063,2024-01-07 06:00:00,Debit,2919.092286561366,Mobile
1081,2024-01-07 07:00:00,Debit,4998.5718827380115,Mobile
1109,2024-01-07 08:00:00,Credit,761.1022434004336,ATM
1094,2024-01-07 09:00:00,Debit,4085.617081296445,Mobile
1165,2024-01-07 10:00:00,Credit,1044.4719259059143,Mobile
1031,2024-01-07 11:00:00,Debit,3914.1177640058354,ATM
1010,2024-01-07 12:00:00,Debit,3675.543836375852,ATM
1044,2024-01-07 13:00:00,Credit,1509.4420341461575,Online
1032,2024-01-07 14:00:00,Debit,1635.8573566466046,POS
1101,2024-01-07 15:00:00,Debit,3964.6817458949668,POS
1168,2024-01-07 16:00:00,Credit,2312.61310431769,ATM
1135,2024-01-07 17:00:00,Credit,3656.7819632719256,ATM
1010,2024-01-07 18:00:00,Credit,748.4408953555154,Mobile
1178,2024-01-07 19:00:00,Credit,4264.263331688752,Online
1087,2024-01-07 20:00:00,Credit,3557.3147362447726,Online
1040,2024-01-07 21:00:00,Debit,4535.644616085821,ATM
1144,2024-01-07 22:00:00,Credit,670.5381713845126,Mobile
1075,2024-01-07 23:00:00,Debit,2969.1423567993825,Mobile
1120,2024-01-08 00:00:00,Debit,2999.6117193512227,POS
1045,2024-01-08 01:00:00,Debit,1773.7690953284443,POS
1159,2024-01-08 02:00:00,Credit,2297.7474586005965,Mobile
1079,2024-01-08 03:00:00,Credit,199.52800081636883,POS
1053,2024-01-08 04:00:00,Debit,3731.84159274879,ATM
1085,2024-01-08 05:00:00,Credit,2751.119172221838,Mobile
1091,2024-01-08 06:00:00,Credit,298.12784882717716,POS
1147,2024-01-08 07:00:00,Credit,3406.971905872823,Online
1160,2024-01-08 08:00:00,Credit,2339.2425653836276,Mobile
1167,2024-01-08 09:00:00,Debit,181.96168453075,Mobile
1159,2024-01-08 10:00:00,Debit,4848.342556971996,Online
1096,2024-01-08 11:00:00,Credit,4746.069594016308,ATM
1001,2024-01-08 12:00:00,Debit,2569.3830565745156,Online
1032,2024-01-08 13:00:00,Credit,477.4253793224919,Mobile
1157,2024-01-08 14:00:00,Credit,3775.559895776973,ATM
1160,2024-01-08 15:00:00,Debit,2464.736189527588,POS
1076,2024-01-08 16:00:00,Debit,1519.2129166640057,POS
1115,2024-01-08 17:00:00,Debit,2462.176705867498,POS
1153,2024-01-08 18:00:00,Credit,2616.996285573268,Mobile
1149,2024-01-08 19:00:00,Debit,2817.931378121473,Online
1102,2024-01-08 20:00:00,Credit,2211.7063311400793,ATM
1193,2024-01-08 21:00:00,Debit,3032.718962663893,POS
1165,2024-01-08 22:00:00,Debit,4594.486205925823,ATM
1102,2024-01-08 23:00:00,Credit,1817.7177546219698,Mobile
1089,2024-01-09 00:00:00,Credit,3631.3251514675458,POS
1173,2024-01-09 01:00:00,Credit,4473.318258552918,Mobile
1121,2024-01-09 02:00:00,Credit,2285.336586042085,Online
1142,2024-01-09 03:00:00,Credit,2222.8446235457013,Mobile
1105,2024-01-09 04:00:00,Credit,3014.56375692035,Mobile
1118,2024-01-09 05:00:00,Credit,2961.1197295182155,Online
1171,2024-01-09 06:00:00,Credit,4034.880818208122,ATM
1048,2024-01-09 07:00:00,Debit,2387.6520850536804,Online
1103,2024-01-09 08:00:00,Credit,4980.653518700811,Online
1060,2024-01-09 09:00:00,Credit,306.7631286477311,Mobile
1194,2024-01-09 10:00:00,Debit,25.80756441770167,ATM
1122,2024-01-09 11:00:00,Credit,3204.5895746825227,POS
1133,2024-01-09 12:00:00,Debit,1499.1902126857647,Online
1008,2024-01-09 13:00:00,Debit,1209.5081196104243,ATM
1005,2024-01-09 14:00:00,Credit,1566.3764092213596,Online
1072,2024-01-09 15:00:00,Debit,1287.677349873722,Online
1102,2024-01-09 16:00:00,Credit,163.64234780563476,Online
1159,2024-01-09 17:00:00,Debit,4857.949881529037,Online
1040,2024-01-09 18:00:00,Debit,1111.5199873793808,Mobile
1113,2024-01-09 19:00:00,Debit,3672.8085153206384,ATM
1007,2024-01-09 20:00:00,Credit,3815.3560095239345,ATM
1071,2024-01-09 21:00:00,Credit,4646.994416056074,ATM
1177,2024-01-09 22:00:00,Debit,162.44179089596605,Online
1091,2024-01-09 23:00:00,Debit,4361.521208850569,Mobile
1061,2024-01-10 00:00:00,Credit,2640.858642390603,Online
1083,2024-01-10 01:00:00,Credit,3166.3951087294813,Online
1061,2024-01-10 02:00:00,Debit,3225.906682833958,ATM
1110,2024-01-10 03:00:00,Debit,4100.79104687379,Online
1126,2024-01-10 04:00:00,Credit,1673.7025375739615,POS
1006,2024-01-10 05:00:00,Credit,3667.925437401367,Online
1083,2024-01-10 06:00:00,Credit,2647.6047675137634,POS
1131,2024-01-10 07:00:00,Credit,3969.036131383685,Online
1133,2024-01-10 08:00:00,Credit,4952.824703522966,Mobile
1057,2024-01-10 09:00:00,Debit,1011.2485768447685,Mobile
1021,2024-01-10 10:00:00,Credit,4973.2967213843895,ATM
1153,2024-01-10 11:00:00,Debit,458.1626498710423,Online
1126,2024-01-10 12:00:00,Credit,21.564564045021193,POS
1002,2024-01-10 13:00:00,Debit,230.368061527378,POS
1126,2024-01-10 14:00:00,Credit,1715.494199636441,Online
1040,2024-01-10 15:00:00,Credit,3168.2025900853864,POS
1187,2024-01-10 16:00:00,Debit,354.45740903036966,Mobile
1105,2024-01-10 17:00:00,Debit,38.27241450254068,POS
1013,2024-01-10 18:00:00,Credit,4686.084232009386,ATM
1011,2024-01-10 19:00:00,Credit,4111.413913340249,Mobile
1086,2024-01-10 20:00:00,Credit,4047.824023983765,Mobile
1011,2024-01-10 21:00:00,Credit,4423.277134754866,Mobile
1140,2024-01-10 22:00:00,Credit,3503.171021132801,Online
1024,2024-01-10 23:00:00,Debit,530.9766074429264,Online
1044,2024-01-11 00:00:00,Debit,2001.5099384878781,Mobile
1121,2024-01-11 01:00:00,Credit,3618.5159374585014,Online
1146,2024-01-11 02:00:00,Debit,1408.8689593496892,POS
1054,2024-01-11 03:00:00,Debit,3440.1577570398254,Online
1099,2024-01-11 04:00:00,Debit,132.24725685558525,Online
1172,2024-01-11 05:00:00,Credit,1537.6253309891702,Mobile
1135,2024-01-11 06:00:00,Debit,2750.1603780230917,ATM
1118,2024-01-11 07:00:00,Credit,3164.128249236149,ATM
1052,2024-01-11 08:00:00,Debit,2889.432915664935,ATM
1182,2024-01-11 09:00:00,Credit,3491.8038176064133,POS
1031,2024-01-11 10:00:00,Debit,40.38285371679696,Online
1050,2024-01-11 11:00:00,Credit,513.6965878878323,ATM
1043,2024-01-11 12:00:00,Credit,4346.031818872934,Mobile
1081,2024-01-11 13:00:00,Debit,3411.9257340099043,ATM
1197,2024-01-11 14:00:00,Credit,573.5288970031964,ATM
1145,2024-01-11 15:00:00,Credit,4211.951442618911,Online
1149,2024-01-11 16:00:00,Credit,1218.733776944589,Online
1036,2024-01-11 17:00:00,Credit,2396.516822134165,Online
1095,2024-01-11 18:00:00,Credit,734.5305992944549,POS
1055,2024-01-11 19:00:00,Credit,3553.449181544316,POS
1104,2024-01-11 20:00:00,Credit,3337.6035608611965,ATM
1058,2024-01-11 21:00:00,Credit,1063.4512311190197,Online
1130,2024-01-11 22:00:00,Debit,4318.369826616439,ATM
1155,2024-01-11 23:00:00,Debit,2012.5170608563637,Mobile
1034,2024-01-12 00:00:00,Credit,1469.6503044430017,Mobile
1188,2024-01-12 01:00:00,Credit,770.1246514280319,Online
1092,2024-01-12 02:00:00,Debit,1338.1783824525319,Online
1181,2024-01-12 03:00:00,Debit,119.91433690684681,Mobile
1190,2024-01-12 04:00:00,Debit,2920.4548873560166,Online
1096,2024-01-12 05:00:00,Credit,4212.7314242563,POS
1134,2024-01-12 06:00:00,Debit,2749.4124427137926,POS
1075,2024-01-12 07:00:00,Credit,1104.1770700001398,Online
1048,2024-01-12 08:00:00,Credit,178.00919928722487,Mobile
1093,2024-01-12 09:00:00,Debit,1080.9940855614261,ATM
1158,2024-01-12 10:00:00,Credit,2086.445926074751,Online
1185,2024-01-12 11:00:00,Credit,3800.4610292119846,Online
1188,2024-01-12 12:00:00,Credit,947.3358341634928,ATM
1023,2024-01-12 13:00:00,Credit,3601.7593522398834,Online
1147,2024-01-12 14:00:00,Debit,4335.998007075899,ATM
1036,2024-01-12 15:00:00,Debit,2275.194772060702,Mobile
1003,2024-01-12 16:00:00,Credit,4108.945638296541,POS
1107,2024-01-12 17:00:00,Credit,2777.740166695127,Mobile
1125,2024-01-12 18:00:00,Debit,3189.0832770337156,POS
1019,2024-01-12 19:00:00,Credit,2636.1295170876315,ATM
1187,2024-01-12 20:00:00,Debit,2321.2318565891956,POS
1151,2024-01-12 21:00:00,Credit,1180.9206744614883,Mobile
1049,2024-01-12 22:00:00,Credit,1522.9383567106197,POS
1176,2024-01-12 23:00:00,Debit,1456.950893528609,ATM
1178,2024-01-13 00:00:00,Debit,2820.8117654595353,POS
1095,2024-01-13 01:00:00,Debit,608.5689281892107,Online
1104,2024-01-13 02:00:00,Debit,4584.7905366046525,Mobile
1163,2024-01-13 03:00:00,Credit,3606.069174962735,Online
1116,2024-01-13 04:00:00,Debit,2013.2136982568363,ATM
1097,2024-01-13 05:00:00,Credit,801.5344811866261,POS
1065,2024-01-13 06:00:00,Debit,4411.140926910963,Online
1078,2024-01-13 07:00:00,Debit,4120.652669604814,Online
1161,2024-01-13 08:00:00,Credit,3611.3905480587246,POS
1163,2024-01-13 09:00:00,Debit,1365.0197665820995,POS
1005,2024-01-13 10:00:00,Debit,2018.208720794008,Mobile
1038,2024-01-13 11:00:00,Debit,522.7137797375925,Online
1169,2024-01-13 12:00:00,Debit,953.3072283903832,Online
1114,2024-01-13 13:00:00,Credit,3917.253020210497,ATM
1185,2024-01-13 14:00:00,Credit,3578.043207064912,Mobile
1124,2024-01-13 15:00:00,Debit,2971.4939572499143,ATM
1011,2024-01-13 16:00:00,Debit,4479.676362371602,Online
1130,2024-01-13 17:00:00,Debit,2920.4999238870964,ATM
1017,2024-01-13 18:00:00,Credit,2340.1703198184173,Online
1039,2024-01-13 19:00:00,Credit,1708.4500240657558,Online
1020,2024-01-13 20:00:00,Credit,4702.838043623501,ATM
1142,2024-01-13 21:00:00,Credit,422.75015300652393,ATM
1098,2024-01-13 22:00:00,Debit,4655.127986583434,POS
1025,2024-01-13 23:00:00,Debit,4135.306153055782,POS
1007,2024-01-14 00:00:00,Debit,658.3503234331495,POS
1099,2024-01-14 01:00:00,Credit,2829.2719447995155,Online
1086,2024-01-14 02:00:00,Debit,4334.074428927944,ATM
1041,2024-01-14 03:00:00,Credit,2863.327726399697,Mobile
1171,2024-01-14 04:00:00,Credit,4536.927109587506,Online
1013,2024-01-14 05:00:00,Debit,4715.489245912052,Mobile
1077,2024-01-14 06:00:00,Debit,2117.698765699686,ATM
1001,2024-01-14 07:00:00,Debit,1892.7951704175548,Online
1118,2024-01-14 08:00:00,Credit,4682.242558306092,Mobile
1036,2024-01-14 09:00:00,Credit,3378.9489051368437,Mobile
1068,2024-01-14 10:00:00,Debit,588.9531799273648,POS
1165,2024-01-14 11:00:00,Debit,221.03582862117918,POS
1040,2024-01-14 12:00:00,Credit,2827.498964476343,POS
1061,2024-01-14 13:00:00,Debit,4651.553117537739,Online
1059,2024-01-14 14:00:00,Credit,4222.801025005034,ATM
1124,2024-01-14 15:00:00,Credit,3382.4802548570387,ATM
1110,2024-01-14 16:00:00,Debit,704.1880859665267,POS
1013,2024-01-14 17:00:00,Debit,1278.614604905991,POS
1083,2024-01-14 18:00:00,Debit,4378.801020497554,POS
1129,2024-01-14 19:00:00,Debit,922.2081109179333,Mobile
1069,2024-01-14 20:00:00,Credit,1399.4126471696684,POS
1144,2024-01-14 21:00:00,Credit,656.7072494652554,Mobile
1122,2024-01-14 22:00:00,Credit,3383.7800747579113,ATM
1088,2024-01-14 23:00:00,Debit,4720.471703762416,Online
1027,2024-01-15 00:00:00,Credit,1352.1504776609759,Online
1065,2024-01-15 01:00:00,Debit,2382.2789731718676,Online
1162,2024-01-15 02:00:00,Debit,3175.3553011589092,Online
1004,2024-01-15 03:00:00,Debit,4997.336578595997,Mobile
1192,2024-01-15 04:00:00,Debit,532.9922443378848,Mobile
1167,2024-01-15 05:00:00,Debit,2497.8682895334887,POS
1183,2024-01-15 06:00:00,Debit,1931.7493983134752,Mobile
1163,2024-01-15 07:00:00,Credit,4330.4426244595525,POS
1044,2024-01-15 08:00:00,Debit,2385.0789777481627,POS
1150,2024-01-15 09:00:00,Credit,563.777847679889,Online
1046,2024-01-15 10:00:00,Credit,3175.7764849800524,Mobile
1030,2024-01-15 11:00:00,Debit,3856.19528513676,Mobile
1138,2024-01-15 12:00:00,Debit,24.377445811416816,POS
1009,2024-01-15 13:00:00,Debit,4296.193860248942,POS
1194,2024-01-15 14:00:00,Credit,938.2547700282715,ATM
1117,2024-01-15 15:00:00,Debit,2764.8261296203555,ATM
1013,2024-01-15 16:00:00,Credit,2084.8295284303763,POS
1079,2024-01-15 17:00:00,Debit,3601.072544886547,ATM
1092,2024-01-15 18:00:00,Debit,1862.0964577808518,ATM
1009,2024-01-15 19:00:00,Credit,4350.118251641737,POS
1075,2024-01-15 20:00:00,Credit,3655.176841184363,POS
1093,2024-01-15 21:00:00,Debit,3242.088723603978,Mobile
1104,2024-01-15 22:00:00,Credit,3983.240571858643,POS
1000,2024-01-15 23:00:00,Credit,3772.5749442926276,POS
1132,2024-01-16 00:00:00,Credit,189.33398785855115,Online
1019,2024-01-16 01:00:00,Credit,1979.7244256856925,Mobile
1007,2024-01-16 02:00:00,Credit,4654.728413609284,Mobile
1170,2024-01-16 03:00:00,Debit,637.3641022712088,Mobile
1000,2024-01-16 04:00:00,Debit,3688.1117866559357,Online
1056,2024-01-16 05:00:00,Credit,4873.213138563295,POS
1063,2024-01-16 06:00:00,Debit,270.47115893440844,Mobile
1117,2024-01-16 07:00:00,Debit,3414.147464326786,Mobile
1027,2024-01-16 08:00:00,Credit,2346.0891650921417,ATM
1120,2024-01-16 09:00:00,Debit,2900.0845243198637,Mobile
1106,2024-01-16 10:00:00,Credit,435.853269056781,POS
1164,2024-01-16 11:00:00,Credit,224.604689816028,POS
1174,2024-01-16 12:00:00,Debit,3337.6646361490994,ATM
1164,2024-01-16 13:00:00,Credit,4118.3140548053825,Mobile
1048,2024-01-16 14:00:00,Credit,3912.2565213155067,Mobile
1119,2024-01-16 15:00:00,Credit,2723.5905820525245,Mobile
1043,2024-01-16 16:00:00,Credit,508.3354374695291,Online
1055,2024-01-16 17:00:00,Credit,3443.341774741709,Mobile
1155,2024-01-16 18:00:00,Debit,1217.0255289351883,POS
1110,2024-01-16 19:00:00,Debit,4556.232826809244,POS
1133,2024-01-16 20:00:00,Credit,4192.944144133067,Online
1107,2024-01-16 21:00:00,Credit,3549.821005766081,Online
1188,2024-01-16 22:00:00,Debit,4744.74131959734,Mobile
1147,2024-01-16 23:00:00,Credit,166.79488934125192,ATM
1113,2024-01-17 00:00:00,Debit,3683.640121053202,Online
1077,2024-01-17 01:00:00,Credit,1657.9114688886625,Online
1129,2024-01-17 02:00:00,Credit,4531.268769574963,Mobile
1036,2024-01-17 03:00:00,Credit,1340.7092313432681,Mobile
1019,2024-01-17 04:00:00,Credit,3627.033931581935,Online
1025,2024-01-17 05:00:00,Credit,4389.458628057399,ATM
1028,2024-01-17 06:00:00,Credit,217.86752372958532,Online
1000,2024-01-17 07:00:00,Credit,1994.2614221642602,Mobile
1118,2024-01-17 08:00:00,Debit,3813.922069789474,Mobile
1034,2024-01-17 09:00:00,Debit,2280.0452586428596,Online
1197,2024-01-17 10:00:00,Debit,1343.5906226700406,ATM
1058,2024-01-17 11:00:00,Credit,1106.8286906277183,Online
1068,2024-01-17 12:00:00,Credit,666.2761519127258,Online
1160,2024-01-17 13:00:00,Credit,4287.076503682849,Mobile
1178,2024-01-17 14:00:00,Credit,2881.023462225264,ATM
1011,2024-01-17 15:00:00,Credit,391.16087550736535,POS
1019,2024-01-17 16:00:00,Credit,1919.0758146174708,ATM
1180,2024-01-17 17:00:00,Credit,1844.9909175174982,Online
1042,2024-01-17 18:00:00,Debit,916.8785616402203,Online
1125,2024-01-17 19:00:00,Credit,2183.1830511062317,Online
1049,2024-01-17 20:00:00,Debit,1667.175833311751,ATM
1028,2024-01-17 21:00:00,Debit,1715.6004904059907,Mobile
1184,2024-01-17 22:00:00,Credit,3697.7425233619138,Online
1038,2024-01-17 23:00:00,Credit,1124.0842936709296,Online
1183,2024-01-18 00:00:00,Debit,3212.8811946882233,ATM
1170,2024-01-18 01:00:00,Debit,2857.541623165865,POS
1177,2024-01-18 02:00:00,Credit,2844.781636565958,POS
1150,2024-01-18 03:00:00,Credit,3318.4066572474617,Mobile
1171,2024-01-18 04:00:00,Debit,2746.426360616313,Mobile
1037,2024-01-18 05:00:00,Credit,4397.48302308346,Online
1083,2024-01-18 06:00:00,Credit,3381.1446588317963,ATM
1150,2024-01-18 07:00:00,Credit,2739.3466243432267,Online
1127,2024-01-18 08:00:00,Debit,4150.517970235348,Mobile
1125,2024-01-18 09:00:00,Debit,3034.671359018064,ATM
1044,2024-01-18 10:00:00,Debit,1462.8097964480432,ATM
1051,2024-01-18 11:00:00,Credit,1043.4036417010905,Mobile
1079,2024-01-18 12:00:00,Credit,770.1156504567672,POS
1177,2024-01-18 13:00:00,Debit,4498.281510605047,POS
1123,2024-01-18 14:00:00,Debit,3553.5758046723486,ATM
1118,2024-01-18 15:00:00,Debit,4687.518406439961,Online
1007,2024-01-18 16:00:00,Credit,3020.4261105175656,POS
1084,2024-01-18 17:00:00,Debit,2372.2703986596134,Online
1128,2024-01-18 18:00:00,Debit,307.98527996473774,POS
1007,2024-01-18 19:00:00,Credit,3361.4949849146888,POS
1156,2024-01-18 20:00:00,Credit,2915.2217112434737,Online
1095,2024-01-18 21:00:00,Credit,4951.142379002231,Mobile
1101,2024-01-18 22:00:00,Debit,1203.4023011333927,POS
1004,2024-01-18 23:00:00,Credit,2658.379402881311,POS
1085,2024-01-19 00:00:00,Credit,3258.2771022391826,Online
1174,2024-01-19 01:00:00,Debit,3226.5099619642947,Mobile
1033,2024-01-19 02:00:00,Credit,2810.8547793125294,POS
1192,2024-01-19 03:00:00,Debit,3886.870771532855,POS
1054,2024-01-19 04:00:00,Debit,1032.856235538814,Mobile
1118,2024-01-19 05:00:00,Credit,3630.879729369335,POS
1170,2024-01-19 06:00:00,Credit,3102.475511451115,Mobile
1157,2024-01-19 07:00:00,Credit,4481.414807854921,Mobile
1113,2024-01-19 08:00:00,Credit,4237.500250777573,Online
1144,2024-01-19 09:00:00,Credit,1582.5837252714407,ATM
1025,2024-01-19 10:00:00,Credit,1388.4242516260138,Mobile
1135,2024-01-19 11:00:00,Debit,4908.450086023715,Online
1046,2024-01-19 12:00:00,Debit,2641.0532527671303,ATM
1112,2024-01-19 13:00:00,Credit,4533.040609933039,POS
1075,2024-01-19 14:00:00,Debit,827.7663086646062,ATM
1071,2024-01-19 15:00:00,Credit,3217.6663848528697,Mobile
1088,2024-01-19 16:00:00,Debit,4051.202334929325,Mobile
1045,2024-01-19 17:00:00,Debit,4737.502295436369,Mobile
1195,2024-01-19 18:00:00,Debit,1693.3273036749472,Mobile
1032,2024-01-19 19:00:00,Credit,3627.656037921022,Mobile
1000,2024-01-19 20:00:00,Debit,2698.676915107699,Online
1146,2024-01-19 21:00:00,Credit,312.53834107167626,Mobile
1030,2024-01-19 22:00:00,Debit,3453.0986891716275,Online
1141,2024-01-19 23:00:00,Debit,3453.5818256068387,POS
1052,2024-01-20 00:00:00,Debit,4653.72795618422,Mobile
1047,2024-01-20 01:00:00,Debit,2491.5891063831723,Mobile
1068,2024-01-20 02:00:00,Debit,1158.9520943454681,ATM
1104,2024-01-20 03:00:00,Credit,232.37347900890896,POS
1089,2024-01-20 04:00:00,Credit,2084.054511562669,Mobile
1189,2024-01-20 05:00:00,Debit,1516.564333386734,Mobile
1193,2024-01-20 06:00:00,Debit,3807.830647059139,POS
1191,2024-01-20 07:00:00,Debit,1777.7961465568226,Online
1197,2024-01-20 08:00:00,Debit,4745.865269611071,Mobile
1062,2024-01-20 09:00:00,Credit,4811.927912909044,ATM
1072,2024-01-20 10:00:00,Debit,3108.3338651863633,Mobile
1160,2024-01-20 11:00:00,Credit,4644.014832204266,ATM
1168,2024-01-20 12:00:00,Debit,3806.663179127333,ATM
1088,2024-01-20 13:00:00,Credit,2738.8296084658796,Mobile
1175,2024-01-20 14:00:00,Debit,909.7365977596628,Mobile
1012,2024-01-20 15:00:00,Debit,2298.4037381340613,ATM
1072,2024-01-20 16:00:00,Credit,2808.763572179462,POS
1076,2024-01-20 17:00:00,Debit,4321.168287867701,POS
1158,2024-01-20 18:00:00,Debit,2411.8535489129677,Mobile
1067,2024-01-20 19:00:00,Debit,4489.396616663003,Online
1097,2024-01-20 20:00:00,Credit,3375.0014053271098,POS
1124,2024-01-20 21:00:00,Debit,693.6253246378202,Mobile
1101,2024-01-20 22:00:00,Debit,4974.957032932214,POS
1131,2024-01-20 23:00:00,Credit,2640.890977162024,Online
1101,2024-01-21 00:00:00,Credit,1965.3728990813036,Mobile
1018,2024-01-21 01:00:00,Credit,3298.9776847029375,Online
1197,2024-01-21 02:00:00,Debit,553.377636765385,Mobile
1081,2024-01-21 03:00:00,Debit,3186.3278472992383,Online
1140,2024-01-21 04:00:00,Debit,2496.1976424913723,POS
1022,2024-01-21 05:00:00,Credit,2039.3036092929299,POS
1082,2024-01-21 06:00:00,Debit,4765.569905682707,Online
1108,2024-01-21 07:00:00,Debit,2617.473186492946,Online
1074,2024-01-21 08:00:00,Credit,1103.3962225549928,Online
1128,2024-01-21 09:00:00,Credit,2300.2277620927202,Mobile
1087,2024-01-21 10:00:00,Credit,4597.743148817636,POS
1053,2024-01-21 11:00:00,Credit,888.7164019396674,Mobile
1198,2024-01-21 12:00:00,Credit,1077.6456230543022,POS
1088,2024-01-21 13:00:00,Debit,75.0175431078479,ATM
1142,2024-01-21 14:00:00,Credit,80.80834648487823,Mobile
1064,2024-01-21 15:00:00,Debit,4148.6642185229775,POS
1075,2024-01-21 16:00:00,Debit,3663.2918081463495,POS
1198,2024-01-21 17:00:00,Credit,1781.6548716952718,Mobile
1142,2024-01-21 18:00:00,Credit,3494.572674565588,Mobile
1148,2024-01-21 19:00:00,Credit,1982.0775722867513,POS
1146,2024-01-21 20:00:00,Debit,4764.95501202916,Mobile
1059,2024-01-21 21:00:00,Credit,4835.592880315914,Online
1092,2024-01-21 22:00:00,Credit,1970.0409412886236,Mobile
1160,2024-01-21 23:00:00,Credit,4272.567312640931,Mobile
1048,2024-01-22 00:00:00,Credit,3867.714318070356,Mobile
1034,2024-01-22 01:00:00,Credit,1556.8996864872286,POS
1171,2024-01-22 02:00:00,Debit,1167.8787462165187,Online
1101,2024-01-22 03:00:00,Debit,2296.5909054602407,ATM
1010,2024-01-22 04:00:00,Debit,3908.930714665887,ATM
1098,2024-01-22 05:00:00,Credit,4801.237245796439,Online
1199,2024-01-22 06:00:00,Credit,3820.2595536441972,Online
1109,2024-01-22 07:00:00,Credit,4277.482855241667,Online
1073,2024-01-22 08:00:00,Debit,3019.2908877908776,POS
1193,2024-01-22 09:00:00,Credit,4178.685075902208,ATM
1173,2024-01-22 10:00:00,Credit,3924.260081437054,Online
1008,2024-01-22 11:00:00,Credit,1891.1578542121376,POS
1002,2024-01-22 12:00:00,Debit,2764.431607582398,ATM
1084,2024-01-22 13:00:00,Credit,4025.7180787285774,Mobile
1025,2024-01-22 14:00:00,Debit,239.8231036078823,POS
1071,2024-01-22 15:00:00,Credit,4042.315618955591,ATM
1047,2024-01-22 16:00:00,Debit,897.661739004627,POS
1193,2024-01-22 17:00:00,Debit,2578.2712494359803,ATM
1197,2024-01-22 18:00:00,Debit,4043.2944433841285,ATM
1155,2024-01-22 19:00:00,Credit,1276.5671800019074,Mobile
1116,2024-01-22 20:00:00,Credit,1236.5791221377035,POS
1153,2024-01-22 21:00:00,Debit,2019.7943483266367,Online
1152,2024-01-22 22:00:00,Debit,4474.267559912397,Mobile
1011,2024-01-22 23:00:00,Credit,12.209479371667342,Mobile
1132,2024-01-23 00:00:00,Credit,4507.901652243256,ATM
1047,2024-01-23 01:00:00,Debit,777.4970529616228,Online
1036,2024-01-23 02:00:00,Credit,4950.531016576735,POS
1043,2024-01-23 03:00:00,Credit,4774.686495261956,Online
1014,2024-01-23 04:00:00,Credit,2478.4291960605037,Online
1042,2024-01-23 05:00:00,Credit,2568.4740365850143,Online
1175,2024-01-23 06:00:00,Debit,2412.9312079765127,Online
1086,2024-01-23 07:00:00,Credit,3180.8637918410177,Online
1069,2024-01-23 08:00:00,Credit,462.7012941523059,ATM
1045,2024-01-23 09:00:00,Debit,172.76356222441686,ATM
1107,2024-01-23 10:00:00,Debit,297.9376127953353,Mobile
1122,2024-01-23 11:00:00,Credit,2227.3830927151566,ATM
1170,2024-01-23 12:00:00,Credit,1384.9842167052223,Mobile
1020,2024-01-23 13:00:00,Credit,3113.9774162312588,Mobile
1150,2024-01-23 14:00:00,Credit,4962.287023980147,POS
1106,2024-01-23 15:00:00,Debit,1937.7526336515648,Online
1079,2024-01-23 16:00:00,Debit,2873.467857981522,ATM
1046,2024-01-23 17:00:00,Debit,2083.8634405776043,POS
1116,2024-01-23 18:00:00,Credit,4237.885621932078,ATM
1123,2024-01-23 19:00:00,Credit,4512.159653276568,Mobile
1142,2024-01-23 20:00:00,Credit,4388.004504904247,ATM
1024,2024-01-23 21:00:00,Credit,4872.117471009496,Online
1035,2024-01-23 22:00:00,Debit,147.3207338506723,Mobile
1050,2024-01-23 23:00:00,Debit,4200.6826491062,Mobile
1014,2024-01-24 00:00:00,Credit,3761.3431434650756,POS
1067,2024-01-24 01:00:00,Debit,1151.1851029078202,Online
1020,2024-01-24 02:00:00,Credit,4782.037266003763,Mobile
1140,2024-01-24 03:00:00,Credit,749.4078618674279,Online
1018,2024-01-24 04:00:00,Debit,3400.954136398203,ATM
1033,2024-01-24 05:00:00,Credit,1132.2021819114034,Online
1077,2024-01-24 06:00:00,Credit,2162.5894373826327,Mobile
1124,2024-01-24 07:00:00,Debit,3598.607885753399,POS
1195,2024-01-24 08:00:00,Credit,2820.989963744903,Mobile
1116,2024-01-24 09:00:00,Credit,2143.2341383272774,Online
1051,2024-01-24 10:00:00,Debit,1638.4287703506163,Online
1026,2024-01-24 11:00:00,Credit,4199.901681986864,Mobile
1156,2024-01-24 12:00:00,Debit,727.6336080709204,Online
1155,2024-01-24 13:00:00,Credit,2156.2133538837024,ATM
1034,2024-01-24 14:00:00,Debit,4519.7502831579595,Mobile
1135,2024-01-24 15:00:00,Debit,4230.7892567952385,POS
1143,2024-01-24 16:00:00,Debit,2010.699394740503,Mobile
1105,2024-01-24 17:00:00,Credit,3817.910734370528,ATM
1163,2024-01-24 18:00:00,Debit,4117.572545237208,ATM
1157,2024-01-24 19:00:00,Debit,4445.548245778113,ATM
1145,2024-01-24 20:00:00,Debit,2727.0837875556476,ATM
1001,2024-01-24 21:00:00,Debit,1030.2598214130119,ATM
1176,2024-01-24 22:00:00,Debit,1283.992291754619,POS
1076,2024-01-24 23:00:00,Credit,1485.516423467605,Online
1131,2024-01-25 00:00:00,Credit,2973.074379239981,ATM
1089,2024-01-25 01:00:00,Credit,173.72002440175612,ATM
1088,2024-01-25 02:00:00,Credit,3183.8519192120416,Mobile
1093,2024-01-25 03:00:00,Credit,1828.1276497568776,POS
1006,2024-01-25 04:00:00,Credit,1483.2565944233143,POS
1094,2024-01-25 05:00:00,Credit,4398.687887933351,Online
1107,2024-01-25 06:00:00,Debit,2305.4119539481867,POS
1073,2024-01-25 07:00:00,Credit,484.314697208137,Mobile
1038,2024-01-25 08:00:00,Debit,4135.466372450973,Mobile
1140,2024-01-25 09:00:00,Debit,247.72987460816793,Online
1158,2024-01-25 10:00:00,Credit,3636.4786285993014,Mobile
1070,2024-01-25 11:00:00,Debit,3871.792046635619,ATM
1190,2024-01-25 12:00:00,Debit,1769.4870035850022,ATM
1055,2024-01-25 13:00:00,Debit,4125.691402826155,Mobile
1169,2024-01-25 14:00:00,Debit,2583.1404352237028,Online
1188,2024-01-25 15:00:00,Credit,2321.835329831256,POS
1041,2024-01-25 16:00:00,Credit,236.56237452877582,Online
1183,2024-01-25 17:00:00,Credit,1457.2456763080404,POS
1035,2024-01-25 18:00:00,Credit,4655.739754717646,Mobile
1083,2024-01-25 19:00:00,Credit,1965.201576784665,Mobile
1195,2024-01-25 20:00:00,Credit,2738.035597578274,ATM
1117,2024-01-25 21:00:00,Credit,2664.7881781314163,POS
1006,2024-01-25 22:00:00,Credit,2956.2511382152397,Online
1053,2024-01-25 23:00:00,Credit,316.04146865998024,Mobile
1128,2024-01-26 00:00:00,Credit,1817.2595114456542,Online
1171,2024-01-26 01:00:00,Debit,3618.4100866739454,ATM
1119,2024-01-26 02:00:00,Credit,1010.7956528541848,POS
1172,2024-01-26 03:00:00,Debit,1025.8561039563385,POS
1105,2024-01-26 04:00:00,Debit,60.35212737823339,Mobile
1046,2024-01-26 05:00:00,Debit,2193.0348137749666,POS
1122,2024-01-26 06:00:00,Debit,4414.844559560376,Mobile
1140,2024-01-26 07:00:00,Credit,268.985708500672,ATM
1118,2024-01-26 08:00:00,Debit,963.6823603850531,POS
1149,2024-01-26 09:00:00,Credit,1557.3218463303479,Mobile
1117,2024-01-26 10:00:00,Credit,3661.306435455422,Online
1020,2024-01-26 11:00:00,Debit,3206.771608084907,Mobile
1136,2024-01-26 12:00:00,Credit,2085.560083863457,POS
1025,2024-01-26 13:00:00,Debit,3797.754006899295,ATM
1008,2024-01-26 14:00:00,Debit,3052.0587481679404,POS
1014,2024-01-26 15:00:00,Credit,4481.243590289523,POS
1009,2024-01-26 16:00:00,Credit,4091.9534782020783,Mobile
1121,2024-01-26 17:00:00,Debit,1271.5398943851108,Online
1120,2024-01-26 18:00:00,Credit,1364.478502394659,POS
1124,2024-01-26 19:00:00,Credit,635.5288142040042,Online
1169,2024-01-26 20:00:00,Credit,1691.453981330108,Mobile
1071,2024-01-26 21:00:00,Debit,4997.724154408281,Online
1151,2024-01-26 22:00:00,Debit,2034.6983313891544,Mobile
1048,2024-01-26 23:00:00,Credit,1110.237289098641,ATM
1153,2024-01-27 00:00:00,Credit,3814.7895935330093,Online
1090,2024-01-27 01:00:00,Credit,2716.930307278654,Online
1036,2024-01-27 02:00:00,Credit,756.5112331394931,ATM
1067,2024-01-27 03:00:00,Credit,1909.6415089927202,Online
1049,2024-01-27 04:00:00,Debit,2078.203880541323,ATM
1151,2024-01-27 05:00:00,Credit,3771.610205840401,POS
1018,2024-01-27 06:00:00,Debit,113.15013077060327,Mobile
1099,2024-01-27 07:00:00,Credit,1352.4080375235692,ATM
1059,2024-01-27 08:00:00,Debit,2592.805543564455,Online
1166,2024-01-27 09:00:00,Credit,1351.5452448396884,ATM
1088,2024-01-27 10:00:00,Debit,3145.8858966208045,Online
1145,2024-01-27 11:00:00,Credit,2414.5187215803367,POS
1146,2024-01-27 12:00:00,Debit,1814.9341717493073,ATM
1163,2024-01-27 13:00:00,Debit,4746.551048083856,POS
1182,2024-01-27 14:00:00,Debit,3164.4759009404224,Mobile
1068,2024-01-27 15:00:00,Debit,658.4074476170267,Online
1174,2024-01-27 16:00:00,Debit,2804.8575702425433,Online
1048,2024-01-27 17:00:00,Debit,3905.851947472496,POS
1107,2024-01-27 18:00:00,Credit,3545.363590489059,Mobile
1160,2024-01-27 19:00:00,Debit,868.7252541833443,ATM
1118,2024-01-27 20:00:00,Credit,4862.375795210116,ATM
1148,2024-01-27 21:00:00,Credit,2249.580092275564,Online
1149,2024-01-27 22:00:00,Credit,803.5347686639038,POS
1175,2024-01-27 23:00:00,Credit,909.1768130994582,POS
1036,2024-01-28 00:00:00,Credit,500.1926110235117,ATM
1142,2024-01-28 01:00:00,Debit,4019.555361090322,Mobile
1162,2024-01-28 02:00:00,Debit,618.9321666660247,Mobile
1198,2024-01-28 03:00:00,Debit,634.3750331373172,ATM
1159,2024-01-28 04:00:00,Credit,4253.85335765658,ATM
1010,2024-01-28 05:00:00,Debit,1729.5743813933225,POS
1137,2024-01-28 06:00:00,Debit,163.98094249728152,Mobile
1077,2024-01-28 07:00:00,Debit,268.95754459687026,ATM
1076,2024-01-28 08:00:00,Debit,719.4305290524388,ATM
1184,2024-01-28 09:00:00,Debit,1074.8328063986908,Online
1152,2024-01-28 10:00:00,Credit,3329.079509249643,ATM
1001,2024-01-28 11:00:00,Debit,795.058137209123,ATM
1063,2024-01-28 12:00:00,Credit,603.1832119735892,Mobile
1034,2024-01-28 13:00:00,Credit,3825.9485159666333,POS
1006,2024-01-28 14:00:00,Credit,3358.5658664609728,Mobile
1084,2024-01-28 15:00:00,Credit,2182.2678650616285,POS
1145,2024-01-28 16:00:00,Credit,2751.055759685719,Online
1066,2024-01-28 17:00:00,Debit,1566.8002614288282,ATM
1041,2024-01-28 18:00:00,Debit,2417.67709697445,Online
1117,2024-01-28 19:00:00,Debit,2538.2965184239015,POS
1124,2024-01-28 20:00:00,Credit,1942.3139831786987,Mobile
1166,2024-01-28 21:00:00,Debit,4533.795331254092,Mobile
1168,2024-01-28 22:00:00,Debit,90.14870625522067,Online
1023,2024-01-28 23:00:00,Credit,3913.0346028253184,POS
1187,2024-01-29 00:00:00,Credit,630.6703278942084,Online
1045,2024-01-29 01:00:00,Credit,3989.7613290806253,Online
1018,2024-01-29 02:00:00,Credit,3083.400459226839,ATM
1067,2024-01-29 03:00:00,Debit,4217.9576737726475,Online
1101,2024-01-29 04:00:00,Credit,496.59648494807834,ATM
1041,2024-01-29 05:00:00,Credit,2799.3133641578725,ATM
1031,2024-01-29 06:00:00,Debit,2510.4285225083636,Mobile
1166,2024-01-29 07:00:00,Debit,3533.9039829871595,ATM
1108,2024-01-29 08:00:00,Credit,2676.1098539494424,ATM
1035,2024-01-29 09:00:00,Debit,2708.26548999419,Mobile
1096,2024-01-29 10:00:00,Credit,2153.683758444563,Online
1163,2024-01-29 11:00:00,Credit,1551.0837757966308,POS
1130,2024-01-29 12:00:00,Debit,2416.499162648439,POS
1072,2024-01-29 13:00:00,Debit,601.276870254319,POS
1135,2024-01-29 14:00:00,Credit,4807.951561525593,Online
1096,2024-01-29 15:00:00,Credit,3574.9097104967254,ATM
1122,2024-01-29 16:00:00,Credit,4762.810912272355,POS
1069,2024-01-29 17:00:00,Debit,1141.3696378265167,Online
1168,2024-01-29 18:00:00,Credit,4397.911690680875,ATM
1195,2024-01-29 19:00:00,Credit,4045.862022972057,Mobile
1012,2024-01-29 20:00:00,Credit,3388.9905381637914,POS
1048,2024-01-29 21:00:00,Credit,3128.895638565177,ATM
1059,2024-01-29 22:00:00,Credit,1589.5828296866712,POS
1129,2024-01-29 23:00:00,Debit,4083.8898169755034,POS
1187,2024-01-30 00:00:00,Credit,2512.5621527838716,POS
1004,2024-01-30 01:00:00,Credit,363.74896369751394,ATM
1171,2024-01-30 02:00:00,Credit,1571.1871726670986,Online
1026,2024-01-30 03:00:00,Credit,4677.132521741185,ATM
1159,2024-01-30 04:00:00,Debit,4254.894500418182,POS
1148,2024-01-30 05:00:00,Debit,4909.70943340193,ATM
1007,2024-01-30 06:00:00,Debit,3143.6869791944496,Mobile
1199,2024-01-30 07:00:00,Credit,1245.0752649706556,Online
1049,2024-01-30 08:00:00,Credit,822.4470978875503,ATM
1066,2024-01-30 09:00:00,Debit,942.7030586362235,Mobile
1043,2024-01-30 10:00:00,Debit,108.78033515279938,Online
1124,2024-01-30 11:00:00,Debit,1959.5037338198365,Mobile
1057,2024-01-30 12:00:00,Credit,965.2241256927172,Online
1002,2024-01-30 13:00:00,Credit,2064.160747678945,ATM
1085,2024-01-30 14:00:00,Debit,4675.62221487544,Mobile
1069,2024-01-30 15:00:00,Debit,2158.395645440878,POS
1129,2024-01-30 16:00:00,Debit,4391.142639954326,Mobile
1171,2024-01-30 17:00:00,Credit,3031.4687854132235,Online
1001,2024-01-30 18:00:00,Credit,1243.1864577603458,ATM
1101,2024-01-30 19:00:00,Credit,1785.7152487034648,Online
1034,2024-01-30 20:00:00,Debit,428.7584837489328,Mobile
1097,2024-01-30 21:00:00,Debit,1673.9783420440924,Mobile
1029,2024-01-30 22:00:00,Credit,3390.929318062635,POS
1115,2024-01-30 23:00:00,Debit,369.8343537178816,ATM
1007,2024-01-31 00:00:00,Credit,1034.9530283053664,ATM
1149,2024-01-31 01:00:00,Debit,1913.3907966524243,Mobile
1043,2024-01-31 02:00:00,Debit,4910.427189709653,ATM
1185,2024-01-31 03:00:00,Debit,3926.4604965648123,POS
1035,2024-01-31 04:00:00,Debit,3670.0988649955984,Online
1196,2024-01-31 05:00:00,Credit,589.7928730619755,ATM
1076,2024-01-31 06:00:00,Debit,3907.1695091388074,Mobile
1030,2024-01-31 07:00:00,Credit,3928.4913694649154,Online
1046,2024-01-31 08:00:00,Credit,3009.5024511653983,Online
1054,2024-01-31 09:00:00,Credit,4951.905292171876,POS
1105,2024-01-31 10:00:00,Debit,1633.0169905635141,Mobile
1189,2024-01-31 11:00:00,Credit,4706.94951672684,ATM
1157,2024-01-31 12:00:00,Credit,4574.5082636329535,Mobile
1120,2024-01-31 13:00:00,Credit,67.28849214939544,Online
1054,2024-01-31 14:00:00,Debit,2256.081467109307,Mobile
1143,2024-01-31 15:00:00,Debit,4885.750122927351,ATM
1011,2024-01-31 16:00:00,Credit,524.5755984162981,ATM
1144,2024-01-31 17:00:00,Debit,2743.445624972764,POS
1143,2024-01-31 18:00:00,Credit,4894.99796013511,ATM
1139,2024-01-31 19:00:00,Credit,2781.9221662882424,ATM
1135,2024-01-31 20:00:00,Debit,957.1783618310584,Mobile
1002,2024-01-31 21:00:00,Credit,2915.094318162023,Mobile
1143,2024-01-31 22:00:00,Debit,1030.1584640082388,Online
1029,2024-01-31 23:00:00,Debit,2603.3242718434763,POS
1022,2024-02-01 00:00:00,Credit,379.4706673826165,Mobile
1091,2024-02-01 01:00:00,Debit,3031.358519379879,ATM
1114,2024-02-01 02:00:00,Debit,2588.781796249509,Online
1103,2024-02-01 03:00:00,Credit,3703.4052301197007,Mobile
1117,2024-02-01 04:00:00,Credit,3157.1953510823373,POS
1004,2024-02-01 05:00:00,Debit,2752.5352799684756,POS
1103,2024-02-01 06:00:00,Debit,3451.9964577481246,Online
1107,2024-02-01 07:00:00,Credit,728.2701487254319,Online
1064,2024-02-01 08:00:00,Debit,2980.8447096804343,Online
1120,2024-02-01 09:00:00,Debit,868.8319080856606,Online
1029,2024-02-01 10:00:00,Debit,4628.355817180885,Online
1148,2024-02-01 11:00:00,Debit,350.98718317956497,ATM
1083,2024-02-01 12:00:00,Debit,2157.5700009570583,ATM
1197,2024-02-01 13:00:00,Debit,3482.0294135006698,Mobile
1149,2024-02-01 14:00:00,Debit,2295.530836224611,POS
1199,2024-02-01 15:00:00,Credit,469.55531363218273,ATM
1031,2024-02-01 16:00:00,Credit,2771.36129047227,ATM
1160,2024-02-01 17:00:00,Credit,3211.743225048499,ATM
1015,2024-02-01 18:00:00,Credit,3521.9236318426333,Mobile
1037,2024-02-01 19:00:00,Credit,1872.566474169167,Online
1141,2024-02-01 20:00:00,Debit,2822.6632554335233,Mobile
1035,2024-02-01 21:00:00,Debit,2258.9255099451766,POS
1150,2024-02-01 22:00:00,Debit,3363.5596333737444,POS
1113,2024-02-01 23:00:00,Debit,2921.9492669508445,POS
1065,2024-02-02 00:00:00,Credit,2633.523535600083,POS
1104,2024-02-02 01:00:00,Debit,1255.1265905228606,ATM
1084,2024-02-02 02:00:00,Debit,20.072403563687246,ATM
1001,2024-02-02 03:00:00,Credit,878.6675598040321,Mobile
1192,2024-02-02 04:00:00,Debit,594.1595467066015,Online
1074,2024-02-02 05:00:00,Debit,2250.932877604624,POS
1066,2024-02-02 06:00:00,Credit,3065.168172301605,Mobile
1179,2024-02-02 07:00:00,Debit,1073.2941933371928,ATM
1189,2024-02-02 08:00:00,Debit,4695.894908876264,ATM
1150,2024-02-02 09:00:00,Debit,43.34382482720002,Online
1153,2024-02-02 10:00:00,Debit,3863.782065675061,Online
1195,2024-02-02 11:00:00,Debit,3129.7717999569068,Online
1054,2024-02-02 12:00:00,Credit,1874.0384572279327,Mobile
1005,2024-02-02 13:00:00,Credit,261.9398326179155,ATM
1162,2024-02-02 14:00:00,Credit,3141.157993203554,ATM
1149,2024-02-02 15:00:00,Credit,1934.2114291995838,Online
1170,2024-02-02 16:00:00,Credit,4681.973025671963,POS
1142,2024-02-02 17:00:00,Credit,2714.530473699932,Online
1085,2024-02-02 18:00:00,Debit,4698.861041354606,Mobile
1059,2024-02-02 19:00:00,Credit,1110.2136304317874,Online
1100,2024-02-02 20:00:00,Credit,3631.3722927168756,Online
1011,2024-02-02 21:00:00,Debit,3090.072614035141,Mobile
1048,2024-02-02 22:00:00,Debit,3699.647066858246,Online
1041,2024-02-02 23:00:00,Credit,1081.1926412229586,ATM
1165,2024-02-03 00:00:00,Debit,3328.3226360264907,POS
1081,2024-02-03 01:00:00,Credit,2495.221561353776,Online
1172,2024-02-03 02:00:00,Debit,3716.696624782518,Mobile
1034,2024-02-03 03:00:00,Credit,1641.9527743175706,POS
1157,2024-02-03 04:00:00,Debit,4451.38455707161,Mobile
1157,2024-02-03 05:00:00,Debit,430.66355991063836,POS
1133,2024-02-03 06:00:00,Credit,4037.8747007680286,POS
1066,2024-02-03 07:00:00,Credit,4307.984932817303,Online
1079,2024-02-03 08:00:00,Credit,4088.089033720438,ATM
1006,2024-02-03 09:00:00,Credit,2568.504707366262,Online
1179,2024-02-03 10:00:00,Credit,2197.541050353499,Mobile
1013,2024-02-03 11:00:00,Debit,4981.348809759135,Mobile
1072,2024-02-03 12:00:00,Credit,1153.568036558669,POS
1142,2024-02-03 13:00:00,Credit,2738.9110697214624,POS
1148,2024-02-03 14:00:00,Debit,3356.6708716578046,ATM
1162,2024-02-03 15:00:00,Debit,3507.3295029485457,Online
1065,2024-02-03 16:00:00,Credit,1028.0830820355077,Mobile
1090,2024-02-03 17:00:00,Debit,3273.430520775608,POS
1129,2024-02-03 18:00:00,Debit,4093.664136741873,ATM
1162,2024-02-03 19:00:00,Credit,259.59269833734993,Mobile
1019,2024-02-03 20:00:00,Debit,4558.49125369333,POS
1009,2024-02-03 21:00:00,Debit,157.2252351745776,Mobile
1024,2024-02-03 22:00:00,Credit,1786.2954521170877,ATM
1193,2024-02-03 23:00:00,Credit,88.90784920248072,ATM
1024,2024-02-04 00:00:00,Debit,394.9543910125135,Mobile
1053,2024-02-04 01:00:00,Debit,4556.729743048595,Online
1032,2024-02-04 02:00:00,Credit,1780.7555454232777,Mobile
1163,2024-02-04 03:00:00,Debit,2129.609936821014,POS
1094,2024-02-04 04:00:00,Debit,1084.5684630989376,Online
1013,2024-02-04 05:00:00,Debit,2989.5078932317315,POS
1064,2024-02-04 06:00:00,Credit,2978.0680412421702,Mobile
1109,2024-02-04 07:00:00,Debit,1867.279955207844,Online
1079,2024-02-04 08:00:00,Debit,1671.8440103089379,POS
1053,2024-02-04 09:00:00,Credit,4425.971897821133,Mobile
1124,2024-02-04 10:00:00,Debit,1922.588355814585,Mobile
1179,2024-02-04 11:00:00,Debit,2472.569950850497,Online
1130,2024-02-04 12:00:00,Credit,1423.690764500404,Mobile
1168,2024-02-04 13:00:00,Credit,3935.9798217520656,ATM
1133,2024-02-04 14:00:00,Credit,1993.2663029264672,POS
1024,2024-02-04 15:00:00,Credit,2572.9191222561794,POS
1140,2024-02-04 16:00:00,Debit,1274.2522785977105,Mobile
1116,2024-02-04 17:00:00,Debit,4938.421365782847,Mobile
1135,2024-02-04 18:00:00,Credit,1464.5637472093772,ATM
1148,2024-02-04 19:00:00,Credit,3856.005229218703,Online
1195,2024-02-04 20:00:00,Debit,2143.2032952802283,Mobile
1024,2024-02-04 21:00:00,Credit,1039.024851369858,Mobile
1078,2024-02-04 22:00:00,Debit,4000.596632184657,Mobile
1067,2024-02-04 23:00:00,Credit,1674.6978772549255,Mobile
1172,2024-02-05 00:00:00,Debit,4327.314803515077,POS
1187,2024-02-05 01:00:00,Credit,4577.1333527399365,Mobile
1011,2024-02-05 02:00:00,Credit,4300.520938602467,POS
1031,2024-02-05 03:00:00,Debit,184.6894948859602,Mobile
1127,2024-02-05 04:00:00,Credit,3938.992991575477,Online
1095,2024-02-05 05:00:00,Debit,2062.583937830728,ATM
1091,2024-02-05 06:00:00,Debit,4369.877371709304,Online
1140,2024-02-05 07:00:00,Debit,3193.3917707968462,Mobile
1030,2024-02-05 08:00:00,Debit,4169.879239378352,Mobile
1077,2024-02-05 09:00:00,Debit,2502.1645316355084,Mobile
1019,2024-02-05 10:00:00,Credit,2679.7772679486748,Online
1145,2024-02-05 11:00:00,Credit,730.4942843469995,Mobile
1059,2024-02-05 12:00:00,Debit,3922.0969198598837,Online
1190,2024-02-05 13:00:00,Credit,2102.7541622181884,POS
1133,2024-02-05 14:00:00,Debit,2505.3997901751973,ATM
1159,2024-02-05 15:00:00,Credit,3927.637593337581,ATM
1092,2024-02-05 16:00:00,Credit,2998.2385463964006,Online
1042,2024-02-05 17:00:00,Credit,1013.4826499389105,POS
1129,2024-02-05 18:00:00,Credit,2955.2609691629546,Online
1059,2024-02-05 19:00:00,Debit,2044.0879613184823,POS
1150,2024-02-05 20:00:00,Debit,2352.9324547988745,Mobile
1030,2024-02-05 21:00:00,Credit,151.27325926931226,POS
1004,2024-02-05 22:00:00,Credit,1058.0464540862451,POS
1161,2024-02-05 23:00:00,Debit,1412.380026091331,POS
1009,2024-02-06 00:00:00,Credit,3567.6704392154406,ATM
1088,2024-02-06 01:00:00,Debit,67.34744175759542,POS
1129,2024-02-06 02:00:00,Debit,2049.7985335333688,Mobile
1125,2024-02-06 03:00:00,Debit,4620.894083424407,Mobile
1010,2024-02-06 04:00:00,Credit,568.284276580128,Mobile
1177,2024-02-06 05:00:00,Debit,2586.957697210869,POS
1158,2024-02-06 06:00:00,Credit,3934.7466881303267,Online
1055,2024-02-06 07:00:00,Debit,4713.2312245253825,Online
1082,2024-02-06 08:00:00,Credit,3736.4154312732526,Mobile
1136,2024-02-06 09:00:00,Credit,3605.622087735587,ATM
1098,2024-02-06 10:00:00,Credit,4134.1755700768545,Online
1148,2024-02-06 11:00:00,Debit,2236.544092677943,POS
1072,2024-02-06 12:00:00,Debit,4031.164217762987,Online
1155,2024-02-06 13:00:00,Credit,49.74237967980112,Mobile
1189,2024-02-06 14:00:00,Credit,4623.559666330257,ATM
1114,2024-02-06 15:00:00,Credit,2222.0994824907048,Online
1006,2024-02-06 16:00:00,Debit,2771.3671374500805,Online
1079,2024-02-06 17:00:00,Debit,1281.8624220852628,Mobile
1143,2024-02-06 18:00:00,Debit,3715.2288558737027,ATM
1096,2024-02-06 19:00:00,Debit,392.41267431149157,ATM
1003,2024-02-06 20:00:00,Credit,4364.452654708708,Mobile
1003,2024-02-06 21:00:00,Credit,4142.30297674165,POS
1102,2024-02-06 22:00:00,Debit,1088.1399800613842,Online
1039,2024-02-06 23:00:00,Debit,4048.5287474434595,POS
1016,2024-02-07 00:00:00,Credit,3933.925087976793,Online
1100,2024-02-07 01:00:00,Debit,3164.7608227922055,Online
1102,2024-02-07 02:00:00,Debit,1873.8656827294408,POS
1123,2024-02-07 03:00:00,Debit,1364.7787833675206,Mobile
1051,2024-02-07 04:00:00,Debit,1166.6001155438566,Mobile
1051,2024-02-07 05:00:00,Debit,1599.8587241903997,Online
1163,2024-02-07 06:00:00,Debit,4518.756632728327,Mobile
1123,2024-02-07 07:00:00,Credit,397.42747218401854,Online
1165,2024-02-07 08:00:00,Debit,4146.067668502264,Mobile
1177,2024-02-07 09:00:00,Debit,1750.9614744586995,Online
1062,2024-02-07 10:00:00,Credit,2612.780986096677,Mobile
1115,2024-02-07 11:00:00,Credit,3974.4833119059685,ATM
1190,2024-02-07 12:00:00,Credit,4423.038969644626,POS
1061,2024-02-07 13:00:00,Debit,1730.4592861625085,ATM
1006,2024-02-07 14:00:00,Credit,2314.5989715628007,POS
1154,2024-02-07 15:00:00,Debit,2078.4351634357936,POS
1091,2024-02-07 16:00:00,Debit,76.12265718451363,Online
1013,2024-02-07 17:00:00,Debit,1486.7550154046965,POS
1198,2024-02-07 18:00:00,Credit,2301.3542763254836,ATM
1085,2024-02-07 19:00:00,Credit,2061.3571083133943,ATM
1132,2024-02-07 20:00:00,Credit,3612.4268453032405,Mobile
1182,2024-02-07 21:00:00,Credit,1930.170049933305,ATM
1129,2024-02-07 22:00:00,Credit,2451.9884803636446,Mobile
1061,2024-02-07 23:00:00,Debit,2153.7468747404932,POS
1148,2024-02-08 00:00:00,Debit,3705.7244829829087,ATM
1078,2024-02-08 01:00:00,Debit,4316.232270944943,POS
1148,2024-02-08 02:00:00,Debit,2664.1265042474956,ATM
1137,2024-02-08 03:00:00,Credit,3949.266649034004,ATM
1057,2024-02-08 04:00:00,Credit,1490.9655432790544,Mobile
1119,2024-02-08 05:00:00,Debit,2711.434354684771,POS
1166,2024-02-08 06:00:00,Credit,1732.6974688131625,ATM
1132,2024-02-08 07:00:00,Credit,2076.862618603433,Online
1064,2024-02-08 08:00:00,Debit,3664.7451854152164,POS
1012,2024-02-08 09:00:00,Debit,4409.495786840236,POS
1180,2024-02-08 10:00:00,Credit,616.2620015279495,POS
1081,2024-02-08 11:00:00,Credit,3176.8498898720286,Mobile
1172,2024-02-08 12:00:00,Debit,2914.8975998132146,Online
1159,2024-02-08 13:00:00,Debit,600.8910454879001,POS
1163,2024-02-08 14:00:00,Debit,1067.3527088961443,ATM
1187,2024-02-08 15:00:00,Credit,1561.9024487160746,ATM
1138,2024-02-08 16:00:00,Debit,842.9860433793324,Mobile
1190,2024-02-08 17:00:00,Debit,1226.2101177964655,ATM
1148,2024-02-08 18:00:00,Credit,1345.3279863199205,POS
1051,2024-02-08 19:00:00,Credit,1685.0124268649074,ATM
1182,2024-02-08 20:00:00,Credit,3749.4583594777837,POS
1116,2024-02-08 21:00:00,Credit,2863.8418972144977,ATM
1025,2024-02-08 22:00:00,Credit,4931.370893037493,Online
1195,2024-02-08 23:00:00,Debit,2079.5317765676805,Mobile
1033,2024-02-09 00:00:00,Debit,3771.7867184462557,Mobile
1051,2024-02-09 01:00:00,Credit,4358.627422668904,Online
1111,2024-02-09 02:00:00,Credit,3398.102680259829,Online
1081,2024-02-09 03:00:00,Credit,2065.205054683305,Mobile
1179,2024-02-09 04:00:00,Credit,3770.437207421307,Online
1156,2024-02-09 05:00:00,Credit,1026.2990174856973,POS
1165,2024-02-09 06:00:00,Debit,1644.4853042488608,ATM
1041,2024-02-09 07:00:00,Debit,2737.959422945451,Mobile
1020,2024-02-09 08:00:00,Debit,2881.2928425578802,Online
1041,2024-02-09 09:00:00,Debit,120.48596260842099,POS
1140,2024-02-09 10:00:00,Credit,4726.119801892483,Mobile
1112,2024-02-09 11:00:00,Debit,3486.170083374776,Online
1104,2024-02-09 12:00:00,Credit,2483.5617136571364,Mobile
1191,2024-02-09 13:00:00,Credit,4666.3048996974585,Online
1016,2024-02-09 14:00:00,Credit,2201.086870601634,Mobile
1119,2024-02-09 15:00:00,Debit,4902.373495649155,POS
1136,2024-02-09 16:00:00,Credit,2566.3009386449908,POS
1168,2024-02-09 17:00:00,Debit,580.2859922899175,ATM
1128,2024-02-09 18:00:00,Debit,3826.3568525717933,Mobile
1129,2024-02-09 19:00:00,Credit,3397.699648138424,ATM
1059,2024-02-09 20:00:00,Credit,3867.203739314878,Mobile
1047,2024-02-09 21:00:00,Credit,4757.695723341149,Online
1028,2024-02-09 22:00:00,Debit,3884.6816202285804,Online
1096,2024-02-09 23:00:00,Credit,3060.569645061068,ATM
1009,2024-02-10 00:00:00,Debit,4287.971422780596,Mobile
1057,2024-02-10 01:00:00,Credit,3369.4997323791126,ATM
1187,2024-02-10 02:00:00,Credit,2046.5140935613563,POS
1020,2024-02-10 03:00:00,Debit,4429.242623566449,ATM
1027,2024-02-10 04:00:00,Debit,1117.2832993140205,ATM
1033,2024-02-10 05:00:00,Debit,3576.0599617945336,Online
1007,2024-02-10 06:00:00,Debit,4409.001640154377,ATM
1186,2024-02-10 07:00:00,Debit,3659.269433319448,Mobile
1199,2024-02-10 08:00:00,Debit,3489.4043410787463,Online
1176,2024-02-10 09:00:00,Credit,3765.6650874184616,ATM
1078,2024-02-10 10:00:00,Credit,2330.6256890202153,POS
1144,2024-02-10 11:00:00,Debit,4372.111703963559,ATM
1187,2024-02-10 12:00:00,Credit,1025.148010929095,ATM
1086,2024-02-10 13:00:00,Debit,645.658215841693,ATM
1087,2024-02-10 14:00:00,Credit,1434.6888127913726,Online
1172,2024-02-10 15:00:00,Credit,2662.5712099072157,Mobile
1068,2024-02-10 16:00:00,Debit,2557.703359092597,POS
1159,2024-02-10 17:00:00,Debit,4104.787800806167,ATM
1171,2024-02-10 18:00:00,Debit,2028.7975954560468,Mobile
1192,2024-02-10 19:00:00,Credit,2426.878687194628,Mobile
1086,2024-02-10 20:00:00,Debit,76.70473946438422,Online
1100,2024-02-10 21:00:00,Credit,2054.5987898502663,POS
1007,2024-02-10 22:00:00,Debit,3242.393422422207,Online
1076,2024-02-10 23:00:00,Credit,87.38656982669498,Mobile
1199,2024-02-11 00:00:00,Credit,1411.6010062793564,Mobile
1086,2024-02-11 01:00:00,Debit,1047.7022328540559,Mobile
1042,2024-02-11 02:00:00,Credit,219.50729025884527,Online
1128,2024-02-11 03:00:00,Credit,2401.507848673542,POS
1108,2024-02-11 04:00:00,Debit,916.7992332085009,ATM
1178,2024-02-11 05:00:00,Credit,3717.9768827605867,Online
1151,2024-02-11 06:00:00,Debit,4241.160139979109,Mobile
1151,2024-02-11 07:00:00,Debit,2732.4700615190477,Online
1016,2024-02-11 08:00:00,Debit,4908.719639180496,Mobile
1132,2024-02-11 09:00:00,Debit,2257.8880716382705,ATM
1147,2024-02-11 10:00:00,Credit,2571.7073690223283,ATM
1020,2024-02-11 11:00:00,Credit,4946.196592249174,POS
1057,2024-02-11 12:00:00,Credit,1165.4266954655936,Mobile
1158,2024-02-11 13:00:00,Debit,4713.304238987757,POS
1109,2024-02-11 14:00:00,Credit,223.7594000443751,POS
1138,2024-02-11 15:00:00,Credit,2237.470582413342,ATM
